title,description
Avatar,"A paraplegic marine explores Pandora, falls in love, and becomes involved in a battle between humans and the Na'vi."
The Avengers,"Earth's mightiest heroes unite to stop a powerful alien threat and protect the world from destruction."
Interstellar,"A team of explorers travels through a wormhole in search of a new home for humanity."
Guardians of the Galaxy,"A group of misfit space adventurers must stop a powerful villain and protect the galaxy."
Star Wars: The Force Awakens,"A scavenger, a pilot, and a mysterious force user join a rebellion against a tyrannical empire."
Inception,"A skilled thief steals secrets by entering dreams and must plant an idea in someone's mind."
The Matrix,"A hacker discovers that reality is an artificial simulation and joins a rebellion against the machines."
Dune,"A young nobleman becomes entangled in a conflict over a desert planet and the spice that powers the universe."
Titanic,"A young artist falls in love aboard a doomed ocean liner while facing social class barriers."
The Dark Knight,"Batman confronts the Joker in a battle that tests justice, chaos, and morality in Gotham City."
